firstname,lastname,username,email,avatar,password
Ophelia,Fahey,Bryon99,Josh.Prohaska@yahoo.com,https://s3.amazonaws.com/uifaces/faces/twitter/envex/128.jpg,non
Thomas,Orn,Monique.Shields83,Gail_Hauck9@yahoo.com,https://s3.amazonaws.com/uifaces/faces/twitter/fjaguero/128.jpg,accusantium
Joana,Zieme,Parker17,Mireille.Becker51@hotmail.com,https://s3.amazonaws.com/uifaces/faces/twitter/jwalter14/128.jpg,aliquid
Brandi,Bergnaum,Kiel_Kris28,Mustafa.Fritsch@gmail.com,https://s3.amazonaws.com/uifaces/faces/twitter/ponchomendivil/128.jpg,facilis
Monique,Wehner,Francesca_Trantow,Susan_Morissette3@hotmail.com,https://s3.amazonaws.com/uifaces/faces/twitter/bobbytwoshoes/128.jpg,recusandae
Antonette,Marks,Abner72,Kendrick_Leannon42@hotmail.com,https://s3.amazonaws.com/uifaces/faces/twitter/vinciarts/128.jpg,perferendis
Litzy,Emmerich,Monica_Tremblay94,Otis_Koepp81@yahoo.com,https://s3.amazonaws.com/uifaces/faces/twitter/belyaev_rs/128.jpg,vitae
Sabryna,Collier,Jovani_Howe42,Kevon.Collins74@yahoo.com,https://s3.amazonaws.com/uifaces/faces/twitter/opnsrce/128.jpg,dignissimos
Heloise,Bayer,Edna.Weber,Vicente_Schmeler@yahoo.com,https://s3.amazonaws.com/uifaces/faces/twitter/alxleroydeval/128.jpg,dolor
Jewel,Heidenreich,Doug_Larkin15,Nestor_Wisoky@gmail.com,https://s3.amazonaws.com/uifaces/faces/twitter/josep_martins/128.jpg,similique
Joey,Bernhard,Briana62,Spencer70@gmail.com,https://s3.amazonaws.com/uifaces/faces/twitter/charliegann/128.jpg,beatae
Jaida,Hartmann,Ottilie_Swift,Jennifer_Purdy@yahoo.com,https://s3.amazonaws.com/uifaces/faces/twitter/constantx/128.jpg,ullam
Buford,Bogan,Devyn_Fay,Reed.Dietrich94@gmail.com,https://s3.amazonaws.com/uifaces/faces/twitter/chadengle/128.jpg,velit
Jordi,Schamberger,Ella.Kuvalis,Sophia53@gmail.com,https://s3.amazonaws.com/uifaces/faces/twitter/BryanHorsey/128.jpg,dolores
Madelynn,Rath,Maybelle46,Danyka45@gmail.com,https://s3.amazonaws.com/uifaces/faces/twitter/travis_arnold/128.jpg,excepturi
Nick,Treutel,Kristy2,Tressa_Zboncak@gmail.com,https://s3.amazonaws.com/uifaces/faces/twitter/spbroma/128.jpg,eligendi
Leonardo,Kassulke,Tre_Shanahan,Dario51@gmail.com,https://s3.amazonaws.com/uifaces/faces/twitter/mikemai2awesome/128.jpg,omnis
Hanna,Ruecker,Lula.Weimann,Maymie58@gmail.com,https://s3.amazonaws.com/uifaces/faces/twitter/claudioguglieri/128.jpg,ullam
Rebeca,Paucek,Lenore.Raynor37,Lon.Stoltenberg46@hotmail.com,https://s3.amazonaws.com/uifaces/faces/twitter/hugomano/128.jpg,ea
Avis,Labadie,Zola99,Ellie15@gmail.com,https://s3.amazonaws.com/uifaces/faces/twitter/herbigt/128.jpg,quia
